brand,brand_weight,sov
atomberg,2144.0085707794674,0.36086258265268883
havells,802.5146195197883,0.1350729200262319
crompton,596.0537742483145,0.10032306181356868
polycab,566.7015677326724,0.09538273032695578
superfan,497.80336547036546,0.08378632929229742
orient electric,444.85273820225615,0.07487409807761387
v-guard,326.4724132080894,0.05494925710688544
bajaj,228.75042646651394,0.03850146440767239
usha,196.40464198981633,0.03305727753115034
lg,137.78141270645386,0.023190278764935568
